id,ENAME,Last Name,Address,salary,Gross salary,Net Salary,
698,Emmeline,Frizzell,Linköping,10000,10000,10000,
1,Annemarie,McEnery,Meikeng,10000,10000,10000,
588,Annadiane,Titchmarsh,Bayt Yāshūţ,10000,10000,10000,
351,Charley,Bigmore,Ciputat,10000,10000,10000,
193,Francine,Junes,Al Ḩumaydāt,10000,10000,10000,
97,Allyn,Spilstead,Belsk Duży,10000,10000,10000,
291,Lynsey,Mochar,Miatli,10000,10000,10000,
884,Agnese,Worrill,Sumber,10000,10000,10000,
621,Laetitia,Sibborn,Maralal,10000,10000,10000,
911,Alidia,Kinnock,Bairro Assunção Piedade,10000,10000,10000,
591,Tabina,Klinck,Gulbene,10000,10000,10000,
822,Reider,Chantrell,Randfontein,10000,10000,10000,
522,Thacher,Dyble,Gerong,10000,10000,10000,
251,Caspar,Tammadge,Kratovo,10000,10000,10000,
862,Jerry,Yearn,Loma,10000,10000,10000,
628,Anallise,Obern,Zombo,10000,10000,10000,
752,Barnaby,Podmore,Kukoboy,10000,10000,10000,
761,Ethelred,Hincham,Zamora,10000,10000,10000,
407,Teriann,Sipson,Zadní Mostek,10000,10000,10000,
339,Glynda,Milson,Zhongcun,10000,10000,10000,
315,Geneva,Beynon,Roubaix,10000,10000,10000,
607,Homerus,Towll,Tvŭrditsa,10000,10000,10000,
412,Catrina,Grolmann,Salto,10000,10000,10000,
568,Bealle,Deegan,Fiorentino,10000,10000,10000,
595,Anselma,Loidl,Badu,10000,10000,10000,
177,Fabian,MacTeague,Xintian,10000,10000,10000,
996,Cammy,Sawyer,Ḩabīl al Jabr,10000,10000,10000,
18,Averell,Eary,Banjiang,10000,10000,10000,
26,Sargent,Brecon,Sindangjati,10000,10000,10000,
468,Antonio,Coulthurst,Rio de Moinhos,10000,10000,10000,
875,Jenna,Dimitriev,Maní,10000,10000,10000,
417,Maighdiln,Ivanyushin,Maksatikha,10000,10000,10000,
694,Wes,Kembrey,Jabon,10000,10000,10000,
215,Carly,Gilpin,Belmullet,10000,10000,10000,
694,Lannie,Cove,Ōmagari,10000,10000,10000,
844,Skippie,Maidlow,Lancheng,10000,10000,10000,
326,Eleonore,Ebdin,Gaïtánion,10000,10000,10000,
956,Livvyy,Wrightson,Pirca,10000,10000,10000,
508,Risa,Swadon,Cairima,10000,10000,10000,
947,Cello,Olney,Chiang Khan,10000,10000,10000,
305,Phillie,Tadd,Aghada,10000,10000,10000,
473,Dalia,Shorto,Mangarine,10000,10000,10000,
968,Jaime,Hawtrey,Norton,10000,10000,10000,
846,Ettie,Weale,Buyant,10000,10000,10000,
336,Davie,Hemphall,Georgīevka,10000,10000,10000,
356,Marlyn,Tappor,Pavino,10000,10000,10000,
566,Kynthia,Dove,Sanxi,10000,10000,10000,
657,Arin,Gonzalvo,Nagornyy,10000,10000,10000,
103,Gannon,Dibbert,Stochov,10000,10000,10000,
794,Marijn,Jedraszczyk,Paraparaumu,10000,10000,10000,
121,Blythe,Gailor,Liangshui,10000,10000,10000,
318,Sharline,Mursell,Batudulang,10000,10000,10000,
64,Lanni,Inseal,Chư Sê,10000,10000,10000,
665,Kassie,Booeln,Shalushka,10000,10000,10000,
370,Luce,Blaymires,San Pedro Carchá,10000,10000,10000,
442,Zorana,Dagleas,Comagascas,10000,10000,10000,
982,Lynnet,Moncarr,Saint-Chamond,10000,10000,10000,
501,Valaria,Huxton,Bentengjawa,10000,10000,10000,
444,Jeanie,Lingard,Monkayo,10000,10000,10000,
428,Alys,Prise,Torrijos,10000,10000,10000,
609,Winston,Andrez,Ar Rass,10000,10000,10000,
138,Kelsy,Craigie,San Matías,10000,10000,10000,
603,Fidole,Lewnden,Szombathely,10000,10000,10000,
320,Brad,Dooler,Savanna-la-Mar,10000,10000,10000,
617,Yancy,Gossington,Taza,10000,10000,10000,
38,Fernando,Eastment,Alkmaar,10000,10000,10000,
600,Essa,Killby,Damaishan,10000,10000,10000,
570,Herman,Ronchetti,Kirovs’k,10000,10000,10000,
67,Eugenius,Rosthorn,Kadumelati,10000,10000,10000,
698,Rebekah,Sach,Gaokan,10000,10000,10000,
41,Lulita,Tandey,Paris 15,10000,10000,10000,
375,Vernor,Ruslin,Pentéli,10000,10000,10000,
204,Nowell,Conner,Carleton-sur-Mer,10000,10000,10000,
800,Robbi,Dyment,Tartouss,10000,10000,10000,
18,Diahann,Beament,Frankfort,10000,10000,10000,
24,Lane,Gadaud,Mlanggeng,10000,10000,10000,
789,Delmer,Deans,Falkenberg,10000,10000,10000,
380,Rabi,Lewing,Estombar,10000,10000,10000,
268,Ida,Logue,Vatutino,10000,10000,10000,
483,Thia,Pettinger,Delft,10000,10000,10000,
571,Annabal,Bratty,Ol’ginka,10000,10000,10000,
691,Pat,Scandwright,Čeladná,10000,10000,10000,
453,Ozzie,Scain,Zaghouan,10000,10000,10000,
252,Jenilee,Larkcum,Fuzihe,10000,10000,10000,
686,Isa,Millican,Poá,10000,10000,10000,
229,Pacorro,Belding,Qijiazuo,10000,10000,10000,
79,Tremaine,Hubbock,Sumqayıt,10000,10000,10000,
31,Stormi,Queree,Porta,10000,10000,10000,
73,Carleton,Breming,Dzuunmod,10000,10000,10000,
264,Fawne,Castree,Oruro,10000,10000,10000,
976,Foss,Challice,Kalahang,10000,10000,10000,
300,Chlo,Hussey,Gapuk,10000,10000,10000,
212,Guillermo,Yakebovitch,Purranque,10000,10000,10000,
859,Gary,Glascott,Clarence-Rockland,10000,10000,10000,
763,Michele,Saladin,Pocohuanca,10000,10000,10000,
199,Blisse,Tindall,Qandala,10000,10000,10000,
920,Pansy,Matusovsky,Xingfeng,10000,10000,10000,
593,Devinne,Foale,Wang Sam Mo,10000,10000,10000,
900,Carmella,Boulding,Kipushi,10000,10000,10000,
536,Baily,Norssister,Dobrzeń Wielki,10000,10000,10000,
886,Clare,Gallyhaock,Haukivuori,10000,10000,10000,
35,Helaine,Alphege,Australia Square,10000,10000,10000,
874,Maxie,Rockcliff,Tucuran,10000,10000,10000,
211,Florenza,Vanes,Kobayashi,10000,10000,10000,
83,Saraann,Groom,Montauban,10000,10000,10000,
194,Avis,Emmerson,Seara,10000,10000,10000,
213,Carolus,Wiles,Örebro,10000,10000,10000,
587,Eolande,Ilem,Jargalant,10000,10000,10000,
105,Shir,Test,Semey,10000,10000,10000,
278,Jeramey,Buglar,Edson,10000,10000,10000,
83,Ulick,Goodboddy,Oslo,10000,10000,10000,
83,Octavius,Yedy,Dalang,10000,10000,10000,
848,Elvina,Lithcow,Xiehu,10000,10000,10000,
509,Malvin,Vasyunin,Kolirerek,10000,10000,10000,
430,Drucy,Biernat,Pinhal Novo,10000,10000,10000,
936,Scott,Bark,Teresa,10000,10000,10000,
73,Florance,Iglesia,Fauske,10000,10000,10000,
228,Sandye,Crossan,Tsybli,10000,10000,10000,
56,Melly,Mathewson,Akouda,10000,10000,10000,
77,Maisie,Megarry,Herrera,10000,10000,10000,
108,Mack,Cropton,Ramana,10000,10000,10000,
939,Orson,Lardner,Sanbao,10000,10000,10000,
375,Hersch,Steinor,Floda,10000,10000,10000,
583,Nannie,Schroeder,Oeleu,10000,10000,10000,
87,Randi,Hallwell,Ixopo,10000,10000,10000,
600,Barbara,Roullier,Jedlina-Zdrój,10000,10000,10000,
407,Carlita,Billam,Ciperang,10000,10000,10000,
631,Ingamar,Gyrgorwicx,Matara,10000,10000,10000,
852,Chris,Fairbrace,Fangtian,10000,10000,10000,
501,Devinne,Skeggs,Zalewo,10000,10000,10000,
21,Melisent,Moscon,Potrerillos,10000,10000,10000,
158,Harris,Foukx,Tula,10000,10000,10000,
800,Betta,Decker,Nice,10000,10000,10000,
397,Beltran,Dashkov,Eirado,10000,10000,10000,
711,Leeanne,Commuzzo,Chơn Thành,10000,10000,10000,
466,Sibley,Ashmole,Zhuxi Chengguanzhen,10000,10000,10000,
676,Dolf,Mayward,Nový Knín,10000,10000,10000,
449,Dania,Houson,Dangmu,10000,10000,10000,
184,Laverne,Noden,Craigavon,10000,10000,10000,
227,Renee,Granham,Chunhua,10000,10000,10000,
2,Janis,Tulley,Mirandopólis,10000,10000,10000,
350,Averil,Hughland,Esquina,10000,10000,10000,
583,Bennie,Dewing,Sang-e Chārak,10000,10000,10000,
797,Donnie,Kunzel,Nantang,10000,10000,10000,
759,Willyt,Galvan,Qizhen,10000,10000,10000,
331,Mindy,Dowderswell,Nicoya,10000,10000,10000,
81,Drona,Ossenna,Mayrtup,10000,10000,10000,
870,Lavina,Ewbanche,Wellington,10000,10000,10000,
90,Robin,Eadmeads,Resapombo,10000,10000,10000,
965,Janey,Ellerker,Fonte da Vaca,10000,10000,10000,
527,Dale,Obin,Baitoa,10000,10000,10000,
557,Amerigo,Foucher,Yangjia,10000,10000,10000,
278,Devlin,Netley,Kujung,10000,10000,10000,
53,Emmye,Clynman,Monastyrshchina,10000,10000,10000,
555,Ave,Saffin,Lucas,10000,10000,10000,
696,Yulma,Bickerton,Emporeío,10000,10000,10000,
510,Mab,Tirrey,Sufang,10000,10000,10000,
797,Hewett,Sorensen,Khāliş,10000,10000,10000,
323,Jeno,Ianitti,Ettal,10000,10000,10000,
262,Thorndike,Senechell,Balakhninskiy,10000,10000,10000,
61,Georgetta,Willerton,Fengdian,10000,10000,10000,
342,Effie,Balmann,Žabčice,10000,10000,10000,
634,Shoshanna,Aizic,Shawnee Mission,10000,10000,10000,
728,Serene,de Cullip,Quiñota,10000,10000,10000,
357,Gail,Maplesden,Skänninge,10000,10000,10000,
277,Shara,Liversidge,Las Heras,10000,10000,10000,
691,Gladi,Fysh,Awayan,10000,10000,10000,
28,Shir,Runnacles,Pouso Alegre,10000,10000,10000,
742,Huey,McIlwrick,Kebonkaret,10000,10000,10000,
782,Caitlin,Earley,Pimenta Bueno,10000,10000,10000,
874,Sindee,Cruz,Austin,10000,10000,10000,
969,Wenonah,Martijn,Jiangkou,10000,10000,10000,
672,Thorn,Gonthier,Yaroslavskaya,10000,10000,10000,
159,Maddy,Witchalls,El Corozo,10000,10000,10000,
44,Abeu,McCuffie,Épinal,10000,10000,10000,
156,Melisenda,Bending,Daping,10000,10000,10000,
633,Alfy,Cockren,Opatowiec,10000,10000,10000,
331,Baird,Shadbolt,Jeremoabo,10000,10000,10000,
817,Jonathan,Fowgies,Rognedino,10000,10000,10000,
205,Wanda,Redmire,Lanyi,10000,10000,10000,
347,Corene,Rollinson,Cerinza,10000,10000,10000,
479,Kippy,Lundy,Oklahoma City,10000,10000,10000,
165,Bettine,Browett,Filipstad,10000,10000,10000,
737,Laurent,Larose,Villa Santa Rita,10000,10000,10000,
450,Kat,Care,Baranti,10000,10000,10000,
50,Rickie,Tweed,Badung,10000,10000,10000,
489,Sandye,Schukraft,Rongai,10000,10000,10000,
304,Suzette,Crowter,Ollantaytambo,10000,10000,10000,
973,Sayer,Robertshaw,Nadrupe,10000,10000,10000,
267,Melvyn,Forryan,Kuala Lumpur,10000,10000,10000,
859,Alberik,de Clerc,Plácido de Castro,10000,10000,10000,
743,Belicia,Escale,Orsk,10000,10000,10000,
894,Benton,Matthew,Świlcza,10000,10000,10000,
527,Leanna,Tomei,Kumanovo,10000,10000,10000,
437,Gilbertina,Benditt,Xidoupu,10000,10000,10000,
601,Hildegaard,Phetteplace,Changning,10000,10000,10000,
772,Shandy,Koppeck,Kharabali,10000,10000,10000,
377,Arman,Gooders,Köln,10000,10000,10000,
513,Chris,Huggin,Horodnya,10000,10000,10000,
185,Daven,Denkin,Jalālābād,10000,10000,10000,
43,Vance,Gaydon,Longchi,10000,10000,10000,
750,Lorraine,Bartoletti,Zhaizigou,10000,10000,10000,
916,Aggie,Mounter,Changtang,10000,10000,10000,
604,Florette,Begg,Licheng,10000,10000,10000,
291,Druci,Bess,Jialu,10000,10000,10000,
61,Dana,Rawlins,Sena,10000,10000,10000,
160,Dolf,Gounard,San Antonio,10000,10000,10000,
984,Quincey,Meineken,Hägersten,10000,10000,10000,
480,Frannie,Menat,Saarbrücken,10000,10000,10000,
177,Grier,Reynoollds,Nikolo-Pavlovskoye,10000,10000,10000,
893,Melisenda,Valti,Aradac,10000,10000,10000,
571,Linzy,Skoof,Makurdi,10000,10000,10000,
843,Maddalena,Surfleet,Jilili,10000,10000,10000,
881,Tyne,Ciraldo,Diriomo,10000,10000,10000,
147,Falkner,Lockwood,Thị Trấn Quế,10000,10000,10000,
25,Brady,Vasyukhnov,Kui Buri,10000,10000,10000,
400,Bertie,Colombier,Monsanto,10000,10000,10000,
815,Jacquie,Wellstood,Malo,10000,10000,10000,
488,Dee,Bryers,Sol’tsy,10000,10000,10000,
633,Ham,MacIntyre,Tylicz,10000,10000,10000,
752,Jeannine,Anespie,Kosiv,10000,10000,10000,
542,Herb,Gilchrest,Kampong Thom,10000,10000,10000,
632,Abigael,Werrilow,Celendín,10000,10000,10000,
1000,Hallie,Craddock,Tugdan,10000,10000,10000,
767,Mendy,Foottit,Kovrov,10000,10000,10000,
306,Dorian,Bleeze,Rates,10000,10000,10000,
160,Orv,Edmondson,Constantia,10000,10000,10000,
648,Nickola,Attack,Acevedo,10000,10000,10000,
45,Jelene,Commuzzo,Tieremu,10000,10000,10000,
326,Virgilio,Brandi,Sé,10000,10000,10000,
373,Jacintha,Asp,España,10000,10000,10000,
630,Jolynn,Stoakes,Karantaba,10000,10000,10000,
263,Enrique,Fuentes,Zhougao,10000,10000,10000,
890,Amelie,Pratte,Västervik,10000,10000,10000,
510,Barty,Dannatt,Dajin,10000,10000,10000,
491,Sascha,Marlow,Tours,10000,10000,10000,
405,Gena,Antonijevic,Wenchang,10000,10000,10000,
441,Ardyce,Waywell,Corbeil-Essonnes,10000,10000,10000,
627,Shelbi,Hanratty,Ciudad Bolívar,10000,10000,10000,
586,Ulrica,Innwood,Jeffrey’s Bay,10000,10000,10000,
135,Chloe,Martensen,Pindi Gheb,10000,10000,10000,
705,Humfrid,Escreet,Cimongkor,10000,10000,10000,
69,Meryl,Mackrill,Shibli,10000,10000,10000,
502,Aeriel,Gauford,Montenegro,10000,10000,10000,
608,Elena,Boame,Mapulo,10000,10000,10000,
442,Lena,Churn,Chubek,10000,10000,10000,
618,Harald,Suter,Tabor,10000,10000,10000,
64,Nanice,Cattell,Tomé Açu,10000,10000,10000,
709,Justen,Robardley,Byerazino,10000,10000,10000,
820,Caryl,Ivanovic,Al Qurayn,10000,10000,10000,
862,Devy,Roddan,Yongjiu,10000,10000,10000,
36,Noami,Dillintone,Sosnovyy Bor,10000,10000,10000,
224,Leonidas,Marcq,Kubangwaru,10000,10000,10000,
155,Roderigo,Eacott,Mirkovci,10000,10000,10000,
48,Albrecht,Goodwyn,Kuangshan,10000,10000,10000,
180,Cindi,Gronowe,Lakkha Nëvre,10000,10000,10000,
988,Dacie,Shute,Gonghe,10000,10000,10000,
672,Moyra,Jodrellec,Kamal,10000,10000,10000,
667,Rochell,Lundon,Sąspów,10000,10000,10000,
695,Lorry,Hembry,Lüfeng,10000,10000,10000,
488,Dulciana,Deacon,Biru,10000,10000,10000,
103,Idalina,Lowensohn,Puget-sur-Argens,10000,10000,10000,
262,Simone,Connah,Xuefu,10000,10000,10000,
767,Neilla,Coulling,Bairro dos Marinheiros,10000,10000,10000,
583,Rosie,D'Orsay,Labangka Satu,10000,10000,10000,
520,Earle,Eallis,Qalqīlyah,10000,10000,10000,
565,Vittoria,Loton,Sanlanbahai,10000,10000,10000,
833,Davie,Leythley,Balbalan,10000,10000,10000,
502,Gris,Popelay,Peredovaya,10000,10000,10000,
198,Daffi,Whymark,Kizlyar,10000,10000,10000,
822,Katlin,Broomhall,Xinzha,10000,10000,10000,
332,Cassey,Issatt,Flórina,10000,10000,10000,
173,Janetta,Carn,Madolenihm Municipality Government,10000,10000,10000,
894,Gabrielle,Knill,Abovyan,10000,10000,10000,
241,Liesa,Blagburn,Chilliwack,10000,10000,10000,
792,Corbet,Reignard,Teeli,10000,10000,10000,
773,Dionisio,Stawell,Båstad,10000,10000,10000,
759,Dorie,Kellart,Okaya,10000,10000,10000,
868,Evelin,Glencorse,San Mariano,10000,10000,10000,
1,Pascale,Coenraets,Åstorp,10000,10000,10000,
631,Maud,Brunn,Pagak Kulon,10000,10000,10000,
904,Myrilla,Lewton,Mikhaylov,10000,10000,10000,
671,Nanci,Chiles,Habingkloang,10000,10000,10000,
215,Micky,Giacopello,Zinder,10000,10000,10000,
401,Starlin,Paskerful,Lau,10000,10000,10000,
373,Gav,Goldsworthy,Lambayong,10000,10000,10000,
85,Jewelle,Bernetti,Semënovskoye,10000,10000,10000,
459,Eben,Feasby,Guohua,10000,10000,10000,
628,Sonni,Kinchington,Oskarshamn,10000,10000,10000,
524,Analiese,Macveigh,Agdzhabedy,10000,10000,10000,
522,Ardelle,Dilon,Gurupi,10000,10000,10000,
253,Berta,Dusting,Bačka Topola,10000,10000,10000,
38,Gleda,Blakely,Novi Bilokorovychi,10000,10000,10000,
854,Candie,Simms,Bokoro,10000,10000,10000,
159,Keefer,Elwood,Gachancipá,10000,10000,10000,
455,Hew,Haensel,Padangcermin,10000,10000,10000,
20,Darleen,Clell,Bộc Bố,10000,10000,10000,
719,Fielding,Jones,Luodong,10000,10000,10000,
744,Wilbur,Brindle,Budakovo,10000,10000,10000,
157,Shanna,Tackes,Cilaja,10000,10000,10000,
206,Fernande,Brimner,Bęczarka,10000,10000,10000,
128,Verla,Metrick,Dasongshu,10000,10000,10000,
430,Liz,Fairrie,Manglid,10000,10000,10000,
991,Trixie,McIlwraith,Chirongui,10000,10000,10000,
705,Elvina,Escolme,Thị Trấn Sìn Hồ,10000,10000,10000,
513,Raina,Gerrard,Colonia Wanda,10000,10000,10000,
579,Elberta,Barthrop,Karátoulas,10000,10000,10000,
232,Cherilynn,Greaser,Tanda,10000,10000,10000,
77,Cherin,Ohrt,Batukuta,10000,10000,10000,
704,Morley,Smellie,Mloko,10000,10000,10000,
655,Felicia,Martschik,Taiba,10000,10000,10000,
689,Maren,Richarz,Kaliwates,10000,10000,10000,
996,Helen-elizabeth,Stocker,Quetta,10000,10000,10000,
102,Nikolia,Reddle,Palmerston North,10000,10000,10000,
510,Domingo,Bather,Quỳ Châu,10000,10000,10000,
405,Augustus,Dowdam,Mariestad,10000,10000,10000,
564,Kristin,Roadknight,Strömsund,10000,10000,10000,
120,Kylila,Jiran,Barranco de Loba,10000,10000,10000,
532,Stefa,Kobes,Takehara,10000,10000,10000,
294,Tedra,Dwane,Bourges,10000,10000,10000,
889,Zared,Fergyson,Żarnów,10000,10000,10000,
329,Kathye,Popland,Karangcombong,10000,10000,10000,
565,Jasmine,De Hoogh,Vilya,10000,10000,10000,
976,Orelee,Picton,Ehu,10000,10000,10000,
26,Goran,Burnham,Baisha,10000,10000,10000,
267,Marrissa,Stair,Mugumu,10000,10000,10000,
495,Keene,Louden,Sumaré,10000,10000,10000,
803,Sutton,Mattsson,São Miguel do Rio Torto,10000,10000,10000,
539,Van,Bulcock,High Point,10000,10000,10000,
881,Ulrika,Korpolak,Ginatilan,10000,10000,10000,
725,Alvira,Suttill,Kangping,10000,10000,10000,
607,Emmalynne,Ixor,New York City,10000,10000,10000,
912,Lavinie,Tacker,Huanan,10000,10000,10000,
931,Fawne,Prester,Herong,10000,10000,10000,
691,Edward,Elsey,Mitrovicë,10000,10000,10000,
689,Burr,Askin,Oslo,10000,10000,10000,
933,Heall,Smeeton,Ban Lam Luk Ka,10000,10000,10000,
407,Jean,Keyden,Nemuro,10000,10000,10000,
531,Brice,Jiggen,Bassar,10000,10000,10000,
60,Jacinthe,Fawdrie,Piątnica,10000,10000,10000,
249,Louie,Glasard,Odolanów,10000,10000,10000,
213,Shanna,Clementet,Kamuli,10000,10000,10000,
477,Kristina,McNay,Matadi,10000,10000,10000,
651,Eldin,Kilfeather,Nkhotakota,10000,10000,10000,
449,Enrica,Cloney,Labuan,10000,10000,10000,
872,Dominique,Curtiss,San Pedro Zacapa,10000,10000,10000,
336,Shepherd,Layfield,Río Segundo,10000,10000,10000,
881,Gwennie,Batte,Hisya,10000,10000,10000,
32,Linnell,Winger,Halimpu,10000,10000,10000,
524,Rourke,Kevane,Bongor,10000,10000,10000,
45,Zola,Dash,Ndewel,10000,10000,10000,
40,Marsiella,Hembling,Huolianpo,10000,10000,10000,
634,Raeann,Yearnes,Vovchans’k,10000,10000,10000,
612,Lisetta,Lavrick,Dasuhe,10000,10000,10000,
75,Vikki,Ingleby,Ancasti,10000,10000,10000,
48,Anatola,McAuslene,Ježdovec,10000,10000,10000,
940,Giorgi,MacConneely,Donja Dubica,10000,10000,10000,
452,Margarette,Elwood,Żyrardów,10000,10000,10000,
522,Charlie,Reinbech,Ciparakan,10000,10000,10000,
1000,Susanetta,Strother,Tanakawu Dua,10000,10000,10000,
746,Lydie,Reskelly,Angers,10000,10000,10000,
890,Rozanne,Slyvester,Hörby,10000,10000,10000,
65,Rancell,Robez,Haarlem,10000,10000,10000,
314,Dayna,Di Ruggiero,Rybache,10000,10000,10000,
988,Adah,Canavan,Ilebo,10000,10000,10000,
12,Zenia,Edgeler,Jaen,10000,10000,10000,
858,Kevyn,Brasted,Wuqiao,10000,10000,10000,
3,Monique,Loveridge,Tlogosadang,10000,10000,10000,
727,Doy,Honniebal,Pulo,10000,10000,10000,
726,Daisie,Newcom,Saint-Augustin-de-Desmaures,10000,10000,10000,
269,Bunni,Pruce,Villa Las Rosas,10000,10000,10000,
550,Domenico,Oakeby,San Marcos,10000,10000,10000,
296,Colene,Fedoronko,Shuyuan,10000,10000,10000,
199,Ogden,Perrone,Tišina,10000,10000,10000,
336,Marquita,Gerler,Gangtun,10000,10000,10000,
29,Barbi,Jewks,Bangkok,10000,10000,10000,
637,Niccolo,Love,Galesong,10000,10000,10000,
235,Tybie,Salvin,Vyškov,10000,10000,10000,
952,Lolly,Vereker,Ipoh,10000,10000,10000,
487,Claude,Ribeiro,Ribas,10000,10000,10000,
89,Jaime,Singh,Ipoh,10000,10000,10000,
811,Chalmers,Offiler,Kopong,10000,10000,10000,
459,Jared,Beig,Doña Remedios Trinidad,10000,10000,10000,
298,Wynnie,Colquite,Cândido Mota,10000,10000,10000,
14,Godard,Episcopi,Goshogawara,10000,10000,10000,
478,Basile,Lecointe,Sumurnanjung,10000,10000,10000,
193,Feliza,Windridge,Tabuadelo,10000,10000,10000,
266,Fionna,Filpo,Kozel’shchyna,10000,10000,10000,
151,Nikaniki,Girling,Lynn,10000,10000,10000,
797,Michaelina,Tommis,Jixin,10000,10000,10000,
820,Nicola,Jaggi,Tuopu Luke,10000,10000,10000,
685,Khalil,Powling,Kirovohrad,10000,10000,10000,
307,Denny,Lynds,Quba,10000,10000,10000,
785,Niven,Gravenell,Brijest,10000,10000,10000,
53,Cale,Grigorio,Gonça,10000,10000,10000,
615,Yardley,Pinor,Diaopu,10000,10000,10000,
407,Collen,Bonniface,Ganyesa,10000,10000,10000,
963,Alfi,Francklin,Dulangan,10000,10000,10000,
291,Marilin,Lanphere,Comillas Norte,10000,10000,10000,
568,Jay,Stickney,Leticia,10000,10000,10000,
389,Jerrome,Wasiel,Khodzhi-Gasan,10000,10000,10000,
143,Dulcinea,Chidley,Yajiang,10000,10000,10000,
336,Kin,Blei,Črenšovci,10000,10000,10000,
72,Fernando,Brandts,Kelīshād va Sūdarjān,10000,10000,10000,
316,Randolf,Suddards,Magallon Cadre,10000,10000,10000,
900,Pietrek,Easlea,Rimpakgede,10000,10000,10000,
489,Yancey,Bindley,Pedreira,10000,10000,10000,
304,Mylo,O'Sculley,Smokvica,10000,10000,10000,
296,Lilla,Finding,Shijiang,10000,10000,10000,
45,Sibel,Babber,Ipoh,10000,10000,10000,
373,Leif,Spikings,Dongfanghong,10000,10000,10000,
148,Merline,Fraulo,Zhuyu,10000,10000,10000,
688,Bogey,McCoole,Zhongshanlu,10000,10000,10000,
392,Dorette,Steffan,Kilmacanoge,10000,10000,10000,
218,Bancroft,Ilyukhov,Yantang,10000,10000,10000,
798,Yank,Habbeshaw,Malgobek,10000,10000,10000,
997,Drucill,Ashtonhurst,Puncakmanis,10000,10000,10000,
32,Channa,Pedroni,Dijon,10000,10000,10000,
857,Minor,Featherstonhaugh,Serawai,10000,10000,10000,
686,Tricia,Presho,Chor,10000,10000,10000,
389,Dolores,Sleite,Hrazdan,10000,10000,10000,
19,Audrye,Timeby,Hongshan,10000,10000,10000,
733,Millard,Kesper,Wuma,10000,10000,10000,
883,Jenifer,Leaney,Xibu,10000,10000,10000,
540,Darelle,Feehely,San Isidro,10000,10000,10000,
690,Colline,Rennox,Uglyanets,10000,10000,10000,
599,Willetta,Condell,Norrköping,10000,10000,10000,
259,Merry,Batterham,Borik,10000,10000,10000,
951,Jude,Brolechan,Cognac,10000,10000,10000,
84,Hi,Fatharly,Osiedle-Nowiny,10000,10000,10000,
377,Rufe,Brommage,Donim,10000,10000,10000,
688,Kristien,Jacqueminot,Měnín,10000,10000,10000,
115,Dag,O'Clery,Plottier,10000,10000,10000,
163,Heddie,Rapson,Feilaixia,10000,10000,10000,
203,Sula,Davsley,Mont-Royal,10000,10000,10000,
595,Booth,Hallahan,Bulgan,10000,10000,10000,
24,Alaster,Beeble,Ladushkin,10000,10000,10000,
723,Andria,Filipovic,Famatina,10000,10000,10000,
429,Aundrea,Eck,Maych’ew,10000,10000,10000,
499,Ethyl,Fellow,Lins,10000,10000,10000,
296,Pavel,Bert,Arganil,10000,10000,10000,
105,Athena,Caw,Lintingkou,10000,10000,10000,
203,Nike,Wilmot,Tangkanpulit,10000,10000,10000,
792,Gael,Beagan,Nidek,10000,10000,10000,
299,Renato,Buscombe,Abakaliki,10000,10000,10000,
52,Ginny,Stenning,Puolanka,10000,10000,10000,
548,Hamel,Jiranek,Bayawan,10000,10000,10000,
293,Alie,Truelock,Plewiska,10000,10000,10000,
707,Dominique,Cleghorn,Ueda,10000,10000,10000,
744,Sharyl,Grass,Gemblengmulyo,10000,10000,10000,
140,Elna,Seywood,Rosaspata,10000,10000,10000,
976,Caralie,Brackstone,Yukou,10000,10000,10000,
658,Carilyn,Wallington,Čakovec,10000,10000,10000,
166,Theadora,Wordesworth,São Francisco do Conde,10000,10000,10000,
877,Sarette,Christol,Bergvliet,10000,10000,10000,
975,Irvine,Sloegrave,Zambujal,10000,10000,10000,
669,Ebenezer,Jeffers,Bourg-en-Bresse,10000,10000,10000,
145,Becca,Luc,Alebtong,10000,10000,10000,
324,Osmond,Clace,São Gotardo,10000,10000,10000,
321,Delmer,Annand,Slobodka,10000,10000,10000,
345,Shellysheldon,Bernardos,Sanqu,10000,10000,10000,
858,Noni,Stradling,Taishanmiao,10000,10000,10000,
942,Nick,Iacovacci,Hyrynsalmi,10000,10000,10000,
525,Linet,Courtier,Dubovka,10000,10000,10000,
406,Nannette,Derr,Athi River,10000,10000,10000,
459,Darnall,Eburne,Dagkar,10000,10000,10000,
730,Paola,Radloff,Momignies,10000,10000,10000,
627,Hanna,Noweak,Bilovods'k,10000,10000,10000,
403,Annadiane,Tirone,Sagay,10000,10000,10000,
621,Betta,Keneford,Farrokh Shahr,10000,10000,10000,
649,Ernesto,Keep,Dashiqiao,10000,10000,10000,
288,Hesther,Wickens,Hinigaran,10000,10000,10000,
399,Laurice,Wolstenholme,Gumalang,10000,10000,10000,
758,Liliane,Ringwood,Jasieniec,10000,10000,10000,
369,Kimmi,Bartczak,Ugba,10000,10000,10000,
133,Torrence,Hazelden,Seia,10000,10000,10000,
154,Ingamar,Lightwing,Qianqiao,10000,10000,10000,
194,Kelley,Iczokvitz,Daping,10000,10000,10000,
381,Kingston,Brithman,Balakhninskiy,10000,10000,10000,
623,Tandy,Kingcote,Huangsha,10000,10000,10000,
895,Adelheid,Klesl,Pārūn,10000,10000,10000,
947,Vincent,Hun,Daruoyan,10000,10000,10000,
949,Uta,Kent,Guohua,10000,10000,10000,
980,Merna,Tulley,Mongaguá,10000,10000,10000,
485,Roxanne,Baggelley,Satrejan,10000,10000,10000,
947,Levey,Faichnie,Vrsi,10000,10000,10000,
94,Ganny,Mathie,Houston,10000,10000,10000,
419,Noll,Ivan,San Benito Abad,10000,10000,10000,
432,Renard,Gash,Baranovichi,10000,10000,10000,
684,Gideon,Didsbury,Toulouse,10000,10000,10000,
785,Urbain,Kirwin,Naviraí,10000,10000,10000,
25,Lotti,Kenright,Meipu,10000,10000,10000,
221,Abigail,Purkis,Chrast,10000,10000,10000,
47,Cyndy,Sayburn,Montijo,10000,10000,10000,
645,Opalina,Attersoll,Amiens,10000,10000,10000,
890,Lemmy,Pinnocke,Nové Město nad Metují,10000,10000,10000,
945,Bernardine,Paolicchi,Isak,10000,10000,10000,
708,Frederigo,Oldam,Nanyang,10000,10000,10000,
351,Deloris,Dunwoody,Zborište,10000,10000,10000,
920,Jessika,Berryann,Kertosari,10000,10000,10000,
582,Estel,Ajean,Mangulewa,10000,10000,10000,
409,Kath,Chasmoor,Thetford-Mines,10000,10000,10000,
712,Anna-maria,Quiney,Xianshuigu,10000,10000,10000,
859,Guillemette,Epinay,Cheongju-si,10000,10000,10000,
614,Hogan,Kail,Praia da Barra,10000,10000,10000,
58,Evangelina,Reedy,Lanas,10000,10000,10000,
494,Victor,Papez,Tiflet,10000,10000,10000,
481,Lodovico,Kemsley,Hupalivka,10000,10000,10000,
693,Holly-anne,Yakushkev,Draguignan,10000,10000,10000,
625,Zechariah,Brickell,Baorixile,10000,10000,10000,
38,Maible,Daggett,Ehu,10000,10000,10000,
835,Roxanna,Cattellion,Siquirres,10000,10000,10000,
861,Meghan,Kreuzer,Caazapá,10000,10000,10000,
884,Pavla,Sharper,Koper,10000,10000,10000,
217,Cyndy,Durbann,Cabra Figa,10000,10000,10000,
657,Raquela,Grills,Xiali,10000,10000,10000,
614,Clem,Townshend,Guyang,10000,10000,10000,
136,Ronna,Row,Tembau,10000,10000,10000,
475,Stephine,Payton,Kaniów,10000,10000,10000,
969,Colline,Billingsly,Futian,10000,10000,10000,
335,Cara,Alps,General Guido,10000,10000,10000,
54,Zacharia,Mander,Salcedo,10000,10000,10000,
496,Clareta,Prevost,Sawin,10000,10000,10000,
605,Dorri,Cappel,Siumate,10000,10000,10000,
714,Phillida,Jeanin,Bąków,10000,10000,10000,
236,Grace,Sextone,Nordeste,10000,10000,10000,
934,Kennan,Bing,Jingtan,10000,10000,10000,
796,Ferris,McGreay,Karlskrona,10000,10000,10000,
508,Kimberli,Pantry,Rafaela,10000,10000,10000,
985,Parke,Valentelli,Amiens,10000,10000,10000,
661,Joshia,Jiroutek,Baoshui,10000,10000,10000,
373,Salomi,Muggleton,Caldono,10000,10000,10000,
992,Antonina,Eykelbosch,Gardēz,10000,10000,10000,
592,Harriot,Jeyness,Wanglinkou,10000,10000,10000,
616,Allina,Kibblewhite,Pasiripis,10000,10000,10000,
836,Fernande,Weight,Karlskoga,10000,10000,10000,
70,Emelita,Lait,Lấp Vò,10000,10000,10000,
536,Salomo,Simeoni,Siocon,10000,10000,10000,
801,Daryle,Messier,Laugar,10000,10000,10000,
187,Gardiner,Cunnah,Luanda,10000,10000,10000,
6,Wade,Ickovits,Huanxi,10000,10000,10000,
4,Lazaro,Oswell,Komsomolsk,10000,10000,10000,
403,Nora,Lownes,Lisboa,10000,10000,10000,
822,Koo,Cattermull,Gondar,10000,10000,10000,
720,Kitti,Tieraney,Dongpu,10000,10000,10000,
323,Tom,Hughlin,Burūm,10000,10000,10000,
645,Benton,Kellaway,Shuidong,10000,10000,10000,
214,Amabel,Cantrill,Mella,10000,10000,10000,
767,Fania,Nutbeem,Qiaoshi,10000,10000,10000,
604,Gage,Adanez,Timaru,10000,10000,10000,
405,Valaree,Covotti,Qaşr Hallāl,10000,10000,10000,
505,Marleah,Clute,Shuibian,10000,10000,10000,
377,Elnar,Messiter,Strasbourg,10000,10000,10000,
566,Margalo,Gwalter,Buracan,10000,10000,10000,
530,Dirk,Buten,Bayt Ta‘mar,10000,10000,10000,
432,Jehanna,Allibone,Huatajata,10000,10000,10000,
120,Roarke,De Cleen,Mertert,10000,10000,10000,
437,Artemus,Longfellow,Croix,10000,10000,10000,
690,Whitman,Rudderham,Kosakowo,10000,10000,10000,
718,Khalil,Sawbridge,Mokotów,10000,10000,10000,
377,Marcellus,Sallter,Jabon,10000,10000,10000,
157,Orelie,Clutten,Rehnān,10000,10000,10000,
680,Clemmie,Feilden,Surgut,10000,10000,10000,
107,Malory,Langstrath,Xianghu,10000,10000,10000,
750,Curtice,Creech,Goraj,10000,10000,10000,
645,Whitman,Keddey,Nikhom Phattana,10000,10000,10000,
144,Wilmer,Southard,Kimitsu,10000,10000,10000,
671,Carlos,Pattemore,Padangpanjang,10000,10000,10000,
494,Hildy,Posse,Napalitan,10000,10000,10000,
495,Dulcie,McGlaughn,Mungwi,10000,10000,10000,
886,Justinn,Climer,Mekarsari,10000,10000,10000,
565,Merissa,Flather,Trieste,10000,10000,10000,
306,Mada,Jerzykiewicz,Borlänge,10000,10000,10000,
591,Hershel,Ridge,Businovo,10000,10000,10000,
891,Jewell,Kneal,Järfälla,10000,10000,10000,
789,Lamar,Rosenwasser,Clisson,10000,10000,10000,
206,Hendrik,Sprade,Zolochiv,10000,10000,10000,
630,Maryjo,Juhruke,Akhaldaba,10000,10000,10000,
916,Aurelie,Reide,Breia,10000,10000,10000,
301,Coleman,Wooster,Bulu,10000,10000,10000,
749,Nichole,Suston,Voznesenskoye,10000,10000,10000,
112,Brynna,Couves,Huanuni,10000,10000,10000,
38,Zaccaria,Lambshine,Quba,10000,10000,10000,
163,Shelley,Hubatsch,Quiaios,10000,10000,10000,
408,Beverlie,Daggett,Licun,10000,10000,10000,
644,Jameson,Loker,Kohāt,10000,10000,10000,
801,Virgil,Santora,Ōtake,10000,10000,10000,
515,Bevvy,Blodg,Huazhai,10000,10000,10000,
989,Timotheus,Poulson,Seixal,10000,10000,10000,
912,Murdock,Gilson,Batulawang,10000,10000,10000,
922,Ardella,Jowitt,Əhmədbəyli,10000,10000,10000,
672,Evangelina,Danser,Laiponda,10000,10000,10000,
328,Gloria,Bullerwell,Vilémov,10000,10000,10000,
832,Alfredo,Tether,Igreja,10000,10000,10000,
948,Zelda,Krishtopaittis,Fenais da Ajuda,10000,10000,10000,
521,Emalee,Spykings,Ystad,10000,10000,10000,
589,Hamel,Macken,Liufeng,10000,10000,10000,
665,Borden,Maps,Salem,10000,10000,10000,
561,Levy,Robers,Mersam,10000,10000,10000,
163,Jessika,Olwen,La Unión,10000,10000,10000,
957,Dewitt,Gussin,Mochishche,10000,10000,10000,
911,Lilia,Ennion,Fuvahmulah,10000,10000,10000,
672,Madalena,Children,Tilcara,10000,10000,10000,
992,Gabbie,Anstey,Barreirinhas,10000,10000,10000,
343,Alejandro,Walford,Lage,10000,10000,10000,
465,Anita,Meeus,Zhabagly,10000,10000,10000,
197,Margot,Mousby,Wanxian,10000,10000,10000,
665,Kiley,Padgham,Molo,10000,10000,10000,
10,Cordie,Sellner,Bueng Kum,10000,10000,10000,
71,Charley,Weedall,Blendis,10000,10000,10000,
189,Dun,Fassan,Pilar,10000,10000,10000,
219,Margarete,Wint,Limbe,10000,10000,10000,
88,Ibrahim,Kernoghan,Conception Bay South,10000,10000,10000,
264,Olia,Rosenstein,Sult,10000,10000,10000,
797,Jamey,Ridgedell,Baimajing,10000,10000,10000,
154,Jerrome,Antognazzi,Alicia,10000,10000,10000,
795,Angelico,Boole,Stěžery,10000,10000,10000,
639,Raina,Hammant,Netanya,10000,10000,10000,
859,Konstantin,Shaw,Fargo,10000,10000,10000,
773,Annaliese,Smithson,Kraków,10000,10000,10000,
114,Richart,Mullinder,Izborsk,10000,10000,10000,
799,Annette,Loney,Ivot,10000,10000,10000,
183,Randell,Ellissen,Limoeiro do Norte,10000,10000,10000,
241,Washington,Pickvance,Yallahs,10000,10000,10000,
532,Ruthe,Spalls,Nanguzhuang,10000,10000,10000,
171,Tracey,Melarkey,Daleszyce,10000,10000,10000,
65,Karen,Medhurst,Māsāl,10000,10000,10000,
610,Krystalle,Fisby,Bārkhān,10000,10000,10000,
612,Marne,Donwell,San Isidro,10000,10000,10000,
692,Boyce,Driver,Goianira,10000,10000,10000,
81,Mel,Cavet,Bambakashat,10000,10000,10000,
610,Desiri,Munson,Gedangan,10000,10000,10000,
862,Kendal,Brigdale,Lidingö,10000,10000,10000,
432,Blondy,Cullinane,Kuala Lumpur,10000,10000,10000,
876,Pietro,Cawthra,Cruz,10000,10000,10000,
849,Bartlet,Dufty,Rosa Zarate,10000,10000,10000,
770,Annadiane,Markson,Venëv,10000,10000,10000,
197,Blanca,Zoren,Sakon Nakhon,10000,10000,10000,
93,Valenka,Ligerton,Beiling,10000,10000,10000,
844,Siobhan,Adrain,La Palma,10000,10000,10000,
965,Fredek,Portal,Hadāli,10000,10000,10000,
631,Agretha,Newgrosh,Tianfu,10000,10000,10000,
165,Rog,Edlin,Khanāşir,10000,10000,10000,
725,Antonia,Fieldgate,Santa Maria do Souto,10000,10000,10000,
988,Sigmund,Prothero,Sukaraja,10000,10000,10000,
181,Fina,Navein,Tílisos,10000,10000,10000,
28,Rhonda,Jenkison,Ledeč nad Sázavou,10000,10000,10000,
412,Curran,Byford,Vypolzovo,10000,10000,10000,
948,Jacob,Merington,Mosfilotí,10000,10000,10000,
97,Elinor,Radish,Qingsong,10000,10000,10000,
393,Joyce,Redwood,Pervomayskaya,10000,10000,10000,
986,Missie,Bullman,Kitwe,10000,10000,10000,
465,Tam,Basso,San Vicente,10000,10000,10000,
378,Gaynor,Synnot,Arroyo Naranjo,10000,10000,10000,
254,Charlena,Plewman,Paris 11,10000,10000,10000,
824,Genny,Kempe,San Bautista,10000,10000,10000,
499,Katharina,Fulstow,Bene 'Ayish,10000,10000,10000,
424,Sabra,Antonikov,Rengasdengklok,10000,10000,10000,
510,Pammi,Medlen,Beitan,10000,10000,10000,
610,Bonny,Schukraft,Krasnorechenskiy,10000,10000,10000,
297,Herc,Tod,Banjar Tegal Belodan,10000,10000,10000,
61,Ogden,Stairmond,Teuva,10000,10000,10000,
459,Allan,Dubble,Papilawe,10000,10000,10000,
706,Hedy,Cutcliffe,Gavinhos de Baixo,10000,10000,10000,
479,Sisely,Arkil,Mjamaoué,10000,10000,10000,
954,Margot,Jinkinson,Ketangi,10000,10000,10000,
672,Yalonda,Amys,Pozhang,10000,10000,10000,
735,Archibold,Londors,Reutlingen,10000,10000,10000,
786,Mack,Batey,Xinzheng,10000,10000,10000,
697,Frank,Vasentsov,Chenjiahe,10000,10000,10000,
875,Artus,Davidsohn,Delft,10000,10000,10000,
696,Libbey,Oger,Paipa,10000,10000,10000,
497,Ruby,Klimowicz,Mandangoa,10000,10000,10000,
373,Darrelle,Pettie,Khadyzhensk,10000,10000,10000,
962,Kariotta,Basilotta,Pregradnaya,10000,10000,10000,
65,Antons,Petasch,Puqian,10000,10000,10000,
235,Win,Twigger,Jiaocheng,10000,10000,10000,
291,Philomena,Danielsky,Paris 09,10000,10000,10000,
228,Berenice,Veryard,Dambulla,10000,10000,10000,
891,Jeff,Mitrovic,Sembungin,10000,10000,10000,
604,Prisca,Heball,Paris 15,10000,10000,10000,
475,Kylila,Vizard,Sindangjawa,10000,10000,10000,
156,Ardenia,Upward,Pilníkov,10000,10000,10000,
648,Burk,Yuryatin,Sukasari,10000,10000,10000,
100,Saundra,Gurys,Hövsan,10000,10000,10000,
1000,Mikey,Tommen,Apeldoorn,10000,10000,10000,
942,Lonna,Saylor,Teresita,10000,10000,10000,
202,Madelle,Hurkett,Cravo Norte,10000,10000,10000,
683,Jeramie,Kimmins,Żurowa,10000,10000,10000,
785,Vivyan,Poulston,Štěnovice,10000,10000,10000,
112,Marcel,Laste,Burgau,10000,10000,10000,
484,Fowler,Nilles,Mudian,10000,10000,10000,
652,Rudy,Didball,Da’ao,10000,10000,10000,
598,Teressa,Mussetti,Xunzhai,10000,10000,10000,
672,Rosana,Tort,Nanshui,10000,10000,10000,
365,Vidovik,Sauvage,Poigar,10000,10000,10000,
281,Dyanne,Cota,Mangxing,10000,10000,10000,
438,Millisent,Flanders,Paris 18,10000,10000,10000,
488,Aloin,Mateu,Bonneville,10000,10000,10000,
635,Kerby,Umbert,Besançon,10000,10000,10000,
631,Mikael,O'Doran,Bršadin,10000,10000,10000,
512,Engelbert,Barling,Khasavyurt,10000,10000,10000,
623,Natty,Seelbach,Donghoufang,10000,10000,10000,
870,Lanie,Gatesman,Paris 09,10000,10000,10000,
980,Hunter,Breydin,Maungatapere,10000,10000,10000,
865,Clio,Redish,Liwan,10000,10000,10000,
419,Ulberto,Dzeniskevich,Yingkeng,10000,10000,10000,
759,Maurits,Mc Gee,Yijiang,10000,10000,10000,
902,Dianna,Cockburn,Bardīyah,10000,10000,10000,
693,Phebe,Boyall,Hässelby,10000,10000,10000,
457,Ofelia,Jeffries,Gierłoż,10000,10000,10000,
887,Garek,Lutwidge,Jinhua,10000,10000,10000,
341,Guglielma,Tack,Bŭstonqal’a,10000,10000,10000,
679,Aurelea,Neles,Gununglajang,10000,10000,10000,
182,Jose,Blackaller,Xunjian,10000,10000,10000,
130,Ulrica,Perrett,Aplahoué,10000,10000,10000,
511,Dinny,Mitchenson,Sukoreno,10000,10000,10000,
407,Ginger,Adamovicz,Talnakh,10000,10000,10000,
392,Gale,Eldershaw,Danidehe,10000,10000,10000,
822,Dacey,Colborn,Černilov,10000,10000,10000,
555,Ansel,MacGragh,Tres Arroyos,10000,10000,10000,
954,Colline,Bushrod,Luwingu,10000,10000,10000,
485,Sybil,Helstrip,Paarl,10000,10000,10000,
636,Milty,Campsall,Khlevnoye,10000,10000,10000,
982,Phylys,Thundercliffe,Monteros,10000,10000,10000,
624,Silvano,Lowater,Kebonan,10000,10000,10000,
512,Irma,Samsin,Quma,10000,10000,10000,
976,Kayne,Dawid,Kidodi,10000,10000,10000,
915,Judye,Attril,Kelodan,10000,10000,10000,
107,Courtnay,Goodsal,Wonorejo,10000,10000,10000,
811,Paige,Teml,Machakos,10000,10000,10000,
928,Travers,Cloake,Tanlad,10000,10000,10000,
368,Whitby,Brisbane,Uwelini,10000,10000,10000,
949,Janelle,Mapson,Beicheng,10000,10000,10000,
687,Dukey,Littlefair,Yaypan,10000,10000,10000,
658,Seth,Humpatch,Al Finţās,10000,10000,10000,
325,Aleksandr,Berg,Queluz de Baixo,10000,10000,10000,
452,Dylan,Emburey,Longhua,10000,10000,10000,
717,Lyndy,Bahde,Lille,10000,10000,10000,
94,Terra,Nestoruk,Presidencia Roque Sáenz Peña,10000,10000,10000,
904,Alexandrina,Gledstane,Virginia Beach,10000,10000,10000,
72,Felizio,Skocroft,Nueva Fuerza,10000,10000,10000,
807,Freemon,Linbohm,Famaillá,10000,10000,10000,
381,Tamra,Jursch,Cibodas,10000,10000,10000,
637,Kaylee,McIlraith,Želešice,10000,10000,10000,
527,Nehemiah,Peploe,Yushan,10000,10000,10000,
299,Trey,Hedworth,Carenang Lor,10000,10000,10000,
691,Alex,McGiff,Bang Bo,10000,10000,10000,
383,Annelise,Dukelow,Songkhla,10000,10000,10000,
351,Prinz,Gilbert,Eshan,10000,10000,10000,
690,Dionysus,Barenski,Serra,10000,10000,10000,
373,Moreen,Erbe,Ban Huai Thalaeng,10000,10000,10000,
225,Lucius,Nudd,Frakulla e Madhe,10000,10000,10000,
19,Murvyn,Rubinovici,Ystad,10000,10000,10000,
750,Madge,Guitonneau,Dingzigu,10000,10000,10000,
472,Bengt,Lillecrop,Mayrtup,10000,10000,10000,
654,Ardis,Sarre,Yanda Bayo,10000,10000,10000,
35,Devon,Sauvain,Langqi,10000,10000,10000,
141,Aaron,Monte,Huaraz,10000,10000,10000,
671,Duke,Ruler,Tulsa,10000,10000,10000,
179,Prudy,Beaze,Daban,10000,10000,10000,
887,Delmar,Menguy,Lusigang,10000,10000,10000,
574,Marquita,Harness,Dijon,10000,10000,10000,
990,Murielle,Scogin,Belo sur Tsiribihina,10000,10000,10000,
14,Nickolaus,Sendley,Sheki,10000,10000,10000,
41,Tome,Spraggs,Pedreira,10000,10000,10000,
850,Hobie,Durant,Tongyu,10000,10000,10000,
715,Tallie,Purtell,Xiakouyi,10000,10000,10000,
854,Ulick,Catenot,Bambous Virieux,10000,10000,10000,
990,Delia,Verrill,Kedrovoye,10000,10000,10000,
160,Hermione,Cardnell,Kebonkalapa,10000,10000,10000,
35,Rodd,Oloshkin,Postmasburg,10000,10000,10000,
355,Whitney,Coppins,Kanbe,10000,10000,10000,
203,Cecilia,Fourmy,Itapetininga,10000,10000,10000,
236,Nolana,Eckley,Lushikeng,10000,10000,10000,
34,Mireille,Prozescky,Xiangqiao,10000,10000,10000,
177,Sella,Meaking,Dachnoye,10000,10000,10000,
92,Allene,Lovelace,Xunhe,10000,10000,10000,
912,Ezra,MacNelly,Dillenburg,10000,10000,10000,
742,Basia,Schelle,Vilhena,10000,10000,10000,
493,Katalin,Dowd,Ostrowite,10000,10000,10000,
129,Claudelle,Muckeen,Honglin,10000,10000,10000,
653,Rudy,Macveigh,Tibakisa,10000,10000,10000,
174,Lizette,MacDiarmond,Indaiatuba,10000,10000,10000,
871,Juanita,Sheringham,Banjar Wates Tengah,10000,10000,10000,
350,Hilary,Dunster,Villavicencio,10000,10000,10000,
428,Ianthe,Jedrzejkiewicz,Tembilahan,10000,10000,10000,
16,Ernestine,Lawlee,Senggapi,10000,10000,10000,
694,Alvy,Caldeyroux,Örnsköldsvik,10000,10000,10000,
783,Orel,Carney,Nagornyy,10000,10000,10000,
535,Bartholomew,Agiolfinger,Rousínov,10000,10000,10000,
71,Alfi,Kobierzycki,Jianghua,10000,10000,10000,
601,Laverne,Keetch,Beishan,10000,10000,10000,
238,Rodrique,Dimitresco,Bulqizë,10000,10000,10000,
649,Sidoney,Dacey,Najiaying,10000,10000,10000,
568,Jenine,Houliston,Grängesberg,10000,10000,10000,
688,Emanuel,Bacon,Pocrí,10000,10000,10000,
101,Shawn,Derobert,Zoetermeer,10000,10000,10000,
219,Russ,Farndon,Beppu,10000,10000,10000,
24,Appolonia,Calf,Kujang,10000,10000,10000,
951,Ambrosi,Hollingby,Cluses,10000,10000,10000,
918,Paolina,Muschette,Kabinda,10000,10000,10000,
662,Rhett,Dadge,Masarayao,10000,10000,10000,
849,Merell,Maykin,Haczów,10000,10000,10000,
980,Micki,Bulled,Yanqi,10000,10000,10000,
820,Terri,Maylott,Sancang,10000,10000,10000,
312,Ellery,Gonnely,Xiagong,10000,10000,10000,
773,Wade,Glawsop,Xiaozhen,10000,10000,10000,
54,Cortie,Rainforth,San Cristóbal,10000,10000,10000,
663,Alecia,Condell,Privlaka,10000,10000,10000,
626,Ameline,Sherland,Vol’nyy Aul,10000,10000,10000,
892,Rowe,Crimes,San Isidro de Lules,10000,10000,10000,
903,Moria,Gogerty,Mandala,10000,10000,10000,
488,Lucine,Colthurst,Urungpigang,10000,10000,10000,
433,Sukey,Drowsfield,Spånga,10000,10000,10000,
548,Minni,Andrzejak,Saltsjöbaden,10000,10000,10000,
748,Meaghan,Reilly,Liping,10000,10000,10000,
886,Pat,Jory,Pukkila,10000,10000,10000,
395,Uriah,Fleming,Yiwa,10000,10000,10000,
594,Ellette,Seabrook,Quintas,10000,10000,10000,
820,Rodolphe,Holberry,Merkezköy,10000,10000,10000,
271,Valentin,Sprey,Kthella e Epërme,10000,10000,10000,
270,Nerte,Wadlow,Satis,10000,10000,10000,
168,Marcela,Husbands,Znamenskoye,10000,10000,10000,
495,Emanuele,Lynde,Munjul,10000,10000,10000,
133,Ina,Tanby,Hongsi,10000,10000,10000,
519,Ford,Neylon,Qianjin,10000,10000,10000,
241,Geoffrey,Goodchild,Marelesu,10000,10000,10000,
809,Tucker,Tolworthie,Nangen,10000,10000,10000,
269,Milissent,Wardall,Mlonggo,10000,10000,10000,
941,Mollee,Gough,Rybatskoye,10000,10000,10000,
975,Kelvin,Spuner,Sanguansi,10000,10000,10000,
919,Shepperd,Hasling,Ghayl Bā Wazīr,10000,10000,10000,
292,Bernita,Stoffersen,Sámi,10000,10000,10000,
499,Trudi,Penvarne,Bumirejo,10000,10000,10000,
757,Thorpe,Golston,Las Palmas,10000,10000,10000,
83,Katlin,Fearenside,Bukomansimbi,10000,10000,10000,
747,Audie,Cowpe,Fenghuangdong,10000,10000,10000,
104,Ebeneser,Usher,Courtaboeuf,10000,10000,10000,
608,Durand,Bowerbank,Paris 06,10000,10000,10000,
381,Loralie,Tunniclisse,Fuling,10000,10000,10000,
445,Suzann,Consadine,Maastricht,10000,10000,10000,
944,Bettine,Thunders,Stord,10000,10000,10000,
57,Emlyn,Titt,Kaingiwa,10000,10000,10000,
893,Roxane,Sinkings,Katrineholm,10000,10000,10000,
547,Trixy,Benduhn,Wenquan,10000,10000,10000,
690,Brett,Ledson,Sonsorol Village,10000,10000,10000,
771,Hildagard,Coppard,Queimados,10000,10000,10000,
544,Perice,Bradfield,Sangpi,10000,10000,10000,
595,Roselle,Dahmke,Santa Cruz do Sul,10000,10000,10000,
1000,Scotty,Turmel,Suifenhe,10000,10000,10000,
437,Carlen,McCole,Shibukawa,10000,10000,10000,
831,Ester,Stanlack,Bambous Virieux,10000,10000,10000,
375,Holt,Corben,Rinconada,10000,10000,10000,
892,Grethel,Ferenczi,Puerto Varas,10000,10000,10000,
631,Abbie,Simoneau,Hongling,10000,10000,10000,
657,Poul,Benkhe,Shiye,10000,10000,10000,
914,Raynard,Olford,Taiyanghe,10000,10000,10000,
624,Nyssa,Pedrol,Praia Grande,10000,10000,10000,
87,Ree,MacNeilly,Meiyao,10000,10000,10000,
189,Benoit,Pilley,Al Mughayyir,10000,10000,10000,
147,Land,Buddell,Caburan,10000,10000,10000,
787,Ruddie,Spawton,Rodas,10000,10000,10000,
827,Woodie,Cheves,Shiniu,10000,10000,10000,
934,Claudie,Lautie,La Cesira,10000,10000,10000,
985,Marcille,Calvey,Doushan,10000,10000,10000,
425,Tim,Gettings,Jishi,10000,10000,10000,
774,Ashleigh,Raven,Jinan-gun,10000,10000,10000,
473,Conney,Jedrzejczak,Zhichanghe,10000,10000,10000,
468,Roosevelt,Haskur,Polonnaruwa,10000,10000,10000,
360,Jacklin,De Rechter,Kudowa-Zdrój,10000,10000,10000,
703,Allin,Carneck,La Maná,10000,10000,10000,
304,Kassia,Eggle,Uruaçu,10000,10000,10000,
361,Wilma,Dettmar,Toulouse,10000,10000,10000,
185,Rupert,Hardan,Acolla,10000,10000,10000,
134,Findlay,Barkaway,Cangchang,10000,10000,10000,
405,Corrina,Gostick,Al Ḩazm,10000,10000,10000,
36,Milton,Chalcroft,Concepción,10000,10000,10000,
869,Isidro,Mackerel,Los Arcos,10000,10000,10000,
308,Antonino,Paley,Sambonggede,10000,10000,10000,
74,Haley,Alfonzo,Qijia,10000,10000,10000,
956,Winthrop,Borrel,Julun,10000,10000,10000,
85,Wes,Alesbrook,São Roque,10000,10000,10000,
82,Juditha,Bushe,Yinyang,10000,10000,10000,
976,Shane,Maylard,Padova,10000,10000,10000,
737,Betteanne,Hallbord,Wangqingtuo,10000,10000,10000,
467,Jenna,Luetchford,Longtang,10000,10000,10000,
369,Abdul,Linne,Boa Esperança,10000,10000,10000,
162,Kearney,Dockreay,Sekampung,10000,10000,10000,
334,Aubry,Collyear,Capão da Canoa,10000,10000,10000,
887,Clywd,Cheel,Baldone,10000,10000,10000,
400,Gilberta,Hollingsbee,Kabūdarāhang,10000,10000,10000,
7,Rudolf,Cradick,Bakaran Kulon,10000,10000,10000,
262,Frieda,Bettenson,San Juan de Dios,10000,10000,10000,
876,Kippie,Galler,Duanjia,10000,10000,10000,
444,Carlina,Harbord,Shchigry,10000,10000,10000,
601,Maximo,Grigor,Lianshi,10000,10000,10000,
478,Phedra,O'Sullivan,Dalonghua,10000,10000,10000,
792,Hunter,Robbings,Huxiaoqiao,10000,10000,10000,
15,Abbott,Mayou,Krebetkrajan,10000,10000,10000,
228,Marnie,Hofler,Shuangpengxi,10000,10000,10000,
813,Joane,Wildes,Qiaozi,10000,10000,10000,
669,Anestassia,Wellan,Luci,10000,10000,10000,
258,Jon,Ausher,Balboa,10000,10000,10000,
602,Der,Epperson,Furong,10000,10000,10000,
357,Cory,Gavozzi,Ust’-Labinsk,10000,10000,10000,
622,Barnabe,Lacasa,Araxá,10000,10000,10000,
722,Rikki,Gallamore,Mbouda,10000,10000,10000,
597,Bogey,Hasney,Žacléř,10000,10000,10000,
479,Rosco,Gummery,Turpay,10000,10000,10000,
388,Weston,Coogan,Tisco,10000,10000,10000,
947,Hew,Salatino,Vesoul,10000,10000,10000,
856,Nonah,Lafont,Hongjiang,10000,10000,10000,
690,Marney,Gridon,Stavropol’,10000,10000,10000,
65,Jocelyn,Olyonov,Chýnov,10000,10000,10000,
396,Olivie,Salery,Santiago,10000,10000,10000,
49,Brent,Gossipin,Thị Trấn Quế,10000,10000,10000,
369,Normand,Well,Ban Huai Thalaeng,10000,10000,10000,
436,Bond,Kalb,Hoolt,10000,10000,10000,
211,Ailbert,Sighart,Singkup,10000,10000,10000,
188,Damiano,Daubeny,Otllak,10000,10000,10000,
817,Karilynn,Friskey,Odeleite,10000,10000,10000,
259,Cary,Morsom,Campbellton,10000,10000,10000,
554,Jasmine,Calvey,Vaiamonte,10000,10000,10000,
414,Erny,Skarman,Weishan,10000,10000,10000,
68,Eunice,Henricsson,Wilkowice,10000,10000,10000,
501,Ring,Grimble,Mingshuihe,10000,10000,10000,
129,Lebbie,Spaight,Bagu,10000,10000,10000,
289,Curtice,Kraut,Ipiales,10000,10000,10000,
563,Frankie,Weald,Ngchesar Hamlet,10000,10000,10000,
900,Caresse,Wrist,Tanalt,10000,10000,10000,
142,Hyacintha,McKnish,Lewoluo,10000,10000,10000,
228,Nat,Lettsom,Peristerá,10000,10000,10000,
326,Roselia,Scuffham,Limoges,10000,10000,10000,
783,Eloisa,Welch,Smolyaninovo,10000,10000,10000,
255,Ingeborg,Hasnip,Mayenne,10000,10000,10000,
735,Pinchas,Abrahmer,Dologon,10000,10000,10000,
994,Petrina,Paxman,Ubonratana,10000,10000,10000,
252,Melvin,Leitche,Dongcun,10000,10000,10000,
245,Anthea,Kennerley,Los Angeles,10000,10000,10000,
704,Arnaldo,Palin,Monte Alto,10000,10000,10000,
624,Aguste,Mordey,Bolesławiec,10000,10000,10000,
992,Boonie,Fyall,Piet Retief,10000,10000,10000,
721,Donia,Bain,Engenho,10000,10000,10000,
977,Clo,Horsted,Vodňany,10000,10000,10000,
944,Juliana,Robertelli,Wabana,10000,10000,10000,
845,Blinnie,Paramore,Åstorp,10000,10000,10000,
428,Jacob,Bonanno,N’dalatando,10000,10000,10000,
611,Arda,Dockwray,Linköping,10000,10000,10000,
82,Frances,Hullot,Rasūlnagar,10000,10000,10000,
428,Shalom,Towl,Tabuating,10000,10000,10000,
264,Shae,Huyton,Yonkers,10000,10000,10000,
505,Meier,Barfford,Fazhan,10000,10000,10000,
854,Moritz,Cheeke,Amagasaki,10000,10000,10000,
750,Nicola,Ethelston,Nangaroro,10000,10000,10000,
875,Norean,Baish,Město Albrechtice,10000,10000,10000,
256,Ric,Cousin,Silodakon,10000,10000,10000,
643,Malorie,Kuhnwald,Brooklyn,10000,10000,10000,
162,Danyelle,Itzkovici,Imeni Zhelyabova,10000,10000,10000,
116,Joline,Renneke,Rennes,10000,10000,10000,
353,Opaline,Judd,Kwidzyn,10000,10000,10000,
345,Burg,Guiver,Limoges,10000,10000,10000,
331,Joel,Farrer,Pereiras,10000,10000,10000,
368,Jacinda,Littlechild,San Marcelino,10000,10000,10000,
194,Antony,Hebdon,Cluses,10000,10000,10000,
185,Dunstan,Breadmore,Tayabamba,10000,10000,10000,
498,Monica,McTrustey,Ciladaeun,10000,10000,10000,
687,Jobyna,Maren,Rodhítsa,10000,10000,10000,
482,Temple,Gwinnett,Arcachon,10000,10000,10000,
774,Euphemia,Santori,Dinskaya,10000,10000,10000,
596,Mandel,Adriaan,Iwo,10000,10000,10000,
675,Hadria,Gilardi,Dobratice,10000,10000,10000,
425,Livy,Maffy,Huangxi,10000,10000,10000,
100,Merv,Burd,Primorsko,10000,10000,10000,
643,Kennedy,MacRury,Pulo,10000,10000,10000,
478,Isadore,Lyddiatt,Banjar Delodrurung,10000,10000,10000,
270,Uriah,Marran,Karatsu,10000,10000,10000,
787,Sterne,Easterby,Jingu,10000,10000,10000,
984,Ashley,Gisbey,Söderhamn,10000,10000,10000,
442,Gilberte,Fulk,Darovskoy,10000,10000,10000,
930,Reese,Worsnop,Hanbin,10000,10000,10000,
965,Arabelle,Maw,Xiangba,10000,10000,10000,
483,Jobie,Coggin,Tuban,10000,10000,10000,
469,Marci,Berger,Xinghuo,10000,10000,10000,
644,Maurita,Geach,Libu,10000,10000,10000,
122,Jilly,Schuchmacher,Gīvī,10000,10000,10000,
626,Dell,Clixby,Thika,10000,10000,10000,
394,Carin,Andrews,Jarada,10000,10000,10000,
331,Margalit,Myall,Los Santos,10000,10000,10000,
800,Clint,Baxandall,Mahébourg,10000,10000,10000,
429,Jo,Forsythe,Tatabánya,10000,10000,10000,
543,Johnnie,Figgess,Kampot,10000,10000,10000,
225,Aurie,Menichini,Lučina,10000,10000,10000,
249,Flss,Colles,Athy,10000,10000,10000,
511,Luke,Steffens,Almaguer North,10000,10000,10000,
464,Johna,Gawthrop,Aghada,10000,10000,10000,
312,Doro,Kimbell,Meishan,10000,10000,10000,
922,Johna,Woodbridge,Tolstoy-Yurt,10000,10000,10000,
868,Sergent,Willes,Dahuaishu,10000,10000,10000,
418,Debra,Gallally,Karanganyar,10000,10000,10000,
